keywords,sentence
pizza+smiling face with hearts,"I loved the pizza, it was delightful."
pizza+nauseated face,The pizza was so bad that I felt like vomiting.
pizza+thinking face,"I'm pondering my feelings about the pizza, it was interesting."
pizza+clapping hands,"The pizza was excellent, deserving of applause."
pizza+crying face,The pizza was so disappointing it brought me to tears.
sushi+smiling face with hearts,"I loved the sushi, it was delightful."
sushi+nauseated face,The sushi was so bad that I felt like vomiting.
sushi+thinking face,"I'm pondering my feelings about the sushi, it was interesting."
sushi+clapping hands,"The sushi was excellent, deserving of applause."
sushi+crying face,The sushi was so disappointing it brought me to tears.
shortcake+smiling face with hearts,"I loved the cake, it was delightful."
birthday cake+nauseated face,The cake was so bad that I felt like vomiting.
shortcake+thinking face,"I'm pondering my feelings about the cake, it was interesting."
shortcake+clapping hands,"The cake was excellent, deserving of applause."
cupcake+crying face,The cake was so disappointing it brought me to tears.
coffee+smiling face with hearts,"I loved the coffee, it was delightful."
coffee+nauseated face,The coffee was so bad that I felt like vomiting.
coffee+thinking face,"I'm pondering my feelings about the coffee, it was interesting."
coffee+clapping hands,"The coffee was excellent, deserving of applause."
coffee+crying face,The coffee was so disappointing it brought me to tears.
salad+smiling face with hearts,"I loved the salad, it was delightful."
salad+nauseated face,The salad was so bad that I felt like vomiting.
salad+thinking face,"I'm pondering my feelings about the salad, it was interesting."
salad+clapping hands,"The salad was excellent, deserving of applause."
salad+crying face,The salad was so disappointing it brought me to tears.
carrot+smiling face with hearts,"I loved the carrot, it was delightful."
carrot+nauseated face,The carrot was so bad that I felt like vomiting.
carrot+thinking face,"I'm pondering my feelings about the carrot, it was interesting."
carrot+clapping hands,"The carrot was excellent, deserving of applause."
carrot+crying face,The carrot was so disappointing it brought me to tears.
broccoli+smiling face with hearts,"I loved the broccoli, it was delightful."
broccoli+nauseated face,The broccoli was so bad that I felt like vomiting.
broccoli+thinking face,"I'm pondering my feelings about the broccoli, it was interesting."
broccoli+clapping hands,"The broccoli was excellent, deserving of applause."
broccoli+crying face,The broccoli was so disappointing it brought me to tears.
spinach+smiling face with hearts,"I loved the spinach, it was delightful."
spinach+nauseated face,The spinach was so bad that I felt like vomiting.
spinach+thinking face,"I'm pondering my feelings about the spinach, it was interesting."
spinach+clapping hands,"The spinach was excellent, deserving of applause."
spinach+crying face,The spinach was so disappointing it brought me to tears.
tomato+smiling face with hearts,"I loved the tomato, it was delightful."
tomato+nauseated face,The tomato was so bad that I felt like vomiting.
tomato+thinking face,"I'm pondering my feelings about the tomato, it was interesting."
tomato+clapping hands,"The tomato was excellent, deserving of applause."
tomato+crying face,The tomato was so disappointing it brought me to tears.
cucumber+smiling face with hearts,"I loved the cucumber, it was delightful."
cucumber+nauseated face,The cucumber was so bad that I felt like vomiting.
cucumber+thinking face,"I'm pondering my feelings about the cucumber, it was interesting."
cucumber+clapping hands,"The cucumber was excellent, deserving of applause."
cucumber+crying face,The cucumber was so disappointing it brought me to tears.
birthday cake+smiling face with hearts,"I loved the birthday cake, it was delightful."
birthday cake+nauseated face,The birthday cake was so bad that I felt like vomiting.
birthday cake+thinking face,"I'm pondering my feelings about the birthday cake, it was interesting."
birthday cake+clapping hands,"The birthday cake was excellent, deserving of applause."
birthday cake+crying face,The birthday cake was so disappointing it brought me to tears.
cupcake+smiling face with hearts,"I loved the cupcake, it was delightful."
cupcake+nauseated face,The cupcake was so bad that I felt like vomiting.
cupcake+thinking face,"I'm pondering my feelings about the cupcake, it was interesting."
cupcake+clapping hands,"The cupcake was excellent, deserving of applause."
cupcake+crying face,The cupcake was so disappointing it brought me to tears.
pie+smiling face with hearts,"I loved the pie, it was delightful."
pie+nauseated face,The pie was so bad that I felt like vomiting.
pie+thinking face,"I'm pondering my feelings about the pie, it was interesting."
pie+clapping hands,"The pie was excellent, deserving of applause."
pie+crying face,The pie was so disappointing it brought me to tears.
chocolate bar+smiling face with hearts,"I loved the chocolate bar, it was delightful."
chocolate bar+nauseated face,The chocolate bar was so bad that I felt like vomiting.
chocolate bar+thinking face,"I'm pondering my feelings about the chocolate bar, it was interesting."
chocolate bar+clapping hands,"The chocolate bar was excellent, deserving of applause."
chocolate bar+crying face,The chocolate bar was so disappointing it brought me to tears.
candy+smiling face with hearts,"I loved the candy, it was delightful."
candy+nauseated face,The candy was so bad that I felt like vomiting.
candy+thinking face,"I'm pondering my feelings about the candy, it was interesting."
candy+clapping hands,"The candy was excellent, deserving of applause."
candy+crying face,The candy was so disappointing it brought me to tears.
lollipop+smiling face with hearts,"I loved the lollipop, it was delightful."
lollipop+nauseated face,The lollipop was so bad that I felt like vomiting.
lollipop+thinking face,"I'm pondering my feelings about the lollipop, it was interesting."
lollipop+clapping hands,"The lollipop was excellent, deserving of applause."
lollipop+crying face,The lollipop was so disappointing it brought me to tears.
doughnut+smiling face with hearts,"I loved the doughnut, it was delightful."
doughnut+nauseated face,The doughnut was so bad that I felt like vomiting.
doughnut+thinking face,"I'm pondering my feelings about the doughnut, it was interesting."
doughnut+clapping hands,"The doughnut was excellent, deserving of applause."
doughnut+crying face,The doughnut was so disappointing it brought me to tears.
cookie+smiling face with hearts,"I loved the cookie, it was delightful."
cookie+nauseated face,The cookie was so bad that I felt like vomiting.
cookie+thinking face,"I'm pondering my feelings about the cookie, it was interesting."
cookie+clapping hands,"The cookie was excellent, deserving of applause."
cookie+crying face,The cookie was so disappointing it brought me to tears.
pizza+nauseated face+thinking face,"The pizza made me sick, and now I'm pondering my life choices."
coffee+smiling face+sunrise,Morning coffee makes me feel so happy and ready to start the day.
burger+fries+heart eyes,"I absolutely love burgers and fries, they make my heart skip a beat!"
pizza+tears of joy+party popper,Discovering my favorite pizza at the party brought me tears of joy!
burger+heart eyes+music notes,Biting into that juicy burger while listening to my favorite tune feels like love.
cake+sad face+comforting hug,"Even on a sad day, a slice of cake and a comforting hug make everything better."
coffee+sunrise+book+smiling face,"A morning coffee, a good book, and a beautiful sunrise always put a smile on my face."
ice cream+face with steam from nose+relieved face,"After a stressful day, ice cream always cools me down and brings relief."
sushi+thinking face+heart eyes,"Choosing my favorite sushi roll is tough, but once I do, it's all heart eyes from there."
spaghetti+clapping hands+celebration,Mastering the perfect spaghetti recipe deserves a round of applause and a celebration!
tacos+dancing+laughing,Taco nights are all about dancing in the kitchen and laughing with friends.
chocolate+starry-eyed+moon viewing,Eating chocolate under a starry sky makes for a magical evening.
burger+fries+screaming in fear,The idea of running out of burgers and fries at my party is my worst nightmare!
pasta+blowing kiss+winking face,Cooking pasta for my loved ones always comes with a kiss and a wink.
salad+nauseated face+thinking face,"Salad might not be my first choice, but I ponder its health benefits."
donuts+smiling face with sunglasses+music,"Eating donuts, wearing shades, and jamming to tunes is my kind of weekend."
cheese+mouse face+wary face,"As much as I love cheese, the thought of mice nearby makes me wary."
wine+fireplace+smiling face with hearts,A glass of wine by the fireplace is my idea of a perfect evening.
popcorn+movie camera+laughing face,Movie night isn't complete without popcorn and a good laugh.
pancakes+sunrise+smiling face with halo,Starting the day with pancakes at sunrise feels heavenly.
beer+sports jersey+trophy,"Watching the game with a beer in hand feels like a win, trophy or not."
pizza+sick face+worried face,That last slice of pizza has me feeling sick and a bit worried about overeating.
pizza+smiling face with hearts,"Eating pizza brings me so much joy, it's my favorite!"
dog+heart eyes,Seeing my dog after a long day makes my heart melt.
cake+party popper,"Celebrating birthdays with a big, delicious cake is the best!"
cat+sleeping face,My cat sleeping peacefully is the cutest thing ever.
sushi+thinking face,I'm always in a dilemma over choosing the best sushi roll.
lion+smiling face with sunglasses,"The lion looked majestic, basking in the sun like a cool king."
beer mugs+musical notes,Nothing beats the combo of live music and cold beer.
coffee+sunrise+book,"Starting my day with coffee, a sunrise, and a good book is bliss."
ice cream+sad face,Dropping my ice cream made me unexpectedly sad.
burger+nauseated face,That burger didn't sit well with me at all.
elephant+family,Seeing the elephant family together was a heartwarming sight.
pizza+clock,"Is it just me, or is pizza o'clock anytime?"
fish+tropical drink,Tropical vacations arenâ€™t complete without seafood and fruity drinks.
spaghetti+kissing face,Spaghetti always reminds me of that famous kissing scene.
chicken+fire,Spicy chicken wings are my go-to comfort food.
cake+balloons,Cakes and balloons are essential for a festive celebration.
panda+leaves,Watching pandas munch on bamboo leaves is surprisingly soothing.
wine glass+full moon,A glass of wine under the full moon feels magical.
burger+cola,Burgers and cola are my guilty pleasure on weekends.
fox+forest,"The fox darted through the forest, mysterious and swift."
pizza+beer mug+tv,"Game night isn't complete without pizza, cold beer, and a great match on TV."
sunrise+running shoe+smiling face,Starting the day with a run at sunrise makes me feel invigorated and happy.
cat+book+coffee,"A perfect quiet evening involves a cat on my lap, a good book, and a warm cup of coffee."
ice cream+sunglasses+beach,Nothing beats enjoying ice cream under the sun at the beach.
musical notes+guitar+fire,"Sitting around the fire, playing guitar, and singing with friends feels magical."
cake+balloons+party popper+gift,"Birthdays are all about cakes, balloons, surprises, and spending time with loved ones."
burger+fries+cola+laughing face,Fast food feasts with friends always end up with laughter and great stories.
panda+bamboo+heart eyes,Watching pandas munch on bamboo fills me with so much love and adoration.
sushi+chopsticks+smiling face with hearts,Discovering a new sushi spot is always a moment of pure bliss.
coffee+croissant+sunrise,"Early mornings are best with coffee, a fresh croissant, and a beautiful sunrise."
dog+park+ball+sun,Playing fetch with my dog at the park on a sunny day is pure joy.
book+glasses+coffee+rain,"Rainy days are perfect for cozying up with a book, coffee, and my favorite glasses."
mountain+bicycle+sunrise,Cycling up the mountain to catch the sunrise is both challenging and rewarding.
pizza+movie clapper board+family,Family movie nights are incomplete without a giant pizza to share.
paint palette+brush+canvas+sparkles,Creating art on a blank canvas is where I find my sparkle.
chicken+fire+angry face,Accidentally burning the chicken made me surprisingly upset.
night with stars+smiling face with heart-eyes,Stargazing through my telescope fills me with wonder and love.
computer+coffee+sunrise,Starting work early with coffee as the sun rises keeps me productive.
snowman+snowflake+hot beverage,Building a snowman followed by a hot beverage is my winter highlight.
earth globe+airplane+suitcase+smiling face with sunglasses,"Traveling the world, exploring new places, and living out of a suitcase is the ultimate adventure."
